Seventeenth Lok Sabha,,
Sitting Members (Alphabetical),,
Name of Member,Party Name,Constituency & State
Shri A. Raja,Dravida Munnetra Kazhagam,Nilgiris (SC)(Tamil Nadu)
Shri Narayana Swamy Abbaiah,Bharatiya Janata Party,Chitradurga (SC)(Karnataka)
Dr. Farooq Abdullah,Jammu and Kashmir National Conference,Srinagar (Jammu and Kashmir)
Shri Deepak (Dev) Adhikari,All India Trinamool Congress,Ghatal (West Bengal)
Shri Dibyendu Adhikari,All India Trinamool Congress,Tamluk (West Bengal)
Shri Sisir Kumar Adhikari,All India Trinamool Congress,Kanthi (West Bengal)
 Adv. A. M. Ariff,Communist Party of India (Marxist),Alappuzha (Kerala)
Shri Rajendra Agrawal,Bharatiya Janata Party,Meerut (Uttar Pradesh)
Shri S.S. Ahluwalia,Bharatiya Janata Party,Bardhaman-Durgapur (West Bengal)
Smt. Sajda Ahmed,All India Trinamool Congress,Uluberia (West Bengal)
Shri Guharam Ajgalley,Bharatiya Janata Party,Janjgir-Champa (SC)(Chhattisgarh)
Maulana Badruddin Ajmal,All India United Democratic Front,Dhubri (Assam)
Smt. Sumalatha Ambareesh,Independent,Mandya (Karnataka)
Smt. Mangal Suresh Angadi,Bharatiya Janata Party,Belgaum (Karnataka)
Shri C.N. Annadurai,Dravida Munnetra Kazhagam,Tiruvannamalai (Tamil Nadu)
Smt. Annpurna Devi,Bharatiya Janata Party,Kodarma (Jharkhand)
Shri Afzal Ansari,Bahujan Samaj Party,Ghazipur (Uttar Pradesh)
Shri Anto Antony,Indian National Congress,Pathanamthitta (Kerala)
Shri Gurjeet Singh Aujla,Indian National Congress,Amritsar (Punjab)
Smt. Sangeeta Azad,Bahujan Samaj Party,Lalganj (SC)(Uttar Pradesh)
Shri Bache Gowda B.N.,Bharatiya Janata Party,Chikkballapur (Karnataka)
Shri Thalikkottai Rajuthevar Baalu,Dravida Munnetra Kazhagam,Sriperumbudur (Tamil Nadu)
Shri Babul Supriyo,Bharatiya Janata Party,Asansol (West Bengal)
Smt. Harsimrat Kaur Badal,Shiromani Akali Dal,Bathinda (Punjab)
Shri Sukhbir Singh Badal,Shiromani Akali Dal,Ferozpur (Punjab)
Prof. S.P. Singh Baghel,Bharatiya Janata Party,Agra (SC)(Uttar Pradesh)
Shri Vijay Baghel,Bharatiya Janata Party,Durg (Chhattisgarh)
Shri Subhash Chandra Baheria,Bharatiya Janata Party,Bhilwara (Rajasthan)
Shri Deepak Baij,Indian National Congress,Bastar (ST)(Chhattisgarh)
Dr. Sanjeev Kumar Balyan,Bharatiya Janata Party,Muzaffarnagar (Uttar Pradesh)
Shri Sanjay Kumar Bandi,Bharatiya Janata Party,Karimnagar (Telangana)
Shri Sudip Bandyopadhyay,All India Trinamool Congress,Kolkata Uttar (West Bengal)
Shri Abhishek Banerjee,All India Trinamool Congress,Diamond Harbour (West Bengal)
Shri Kalyan Banerjee,All India Trinamool Congress,Serampore (West Bengal)
Shri Prasun Banerjee,All India Trinamool Congress,Howrah (West Bengal)
Shri Girish Bhalchandra Bapat,Bharatiya Janata Party,Pune (Maharashtra)
Shri John Barla,Bharatiya Janata Party,Alipurduars (ST)(West Bengal)
Shri Shrirang Appa Barne,Shiv Sena,Maval (Maharashtra)
Shri Shafiqur Rahman Barq,Samajwadi Party,Sambhal (Uttar Pradesh)
Shri Pradan Baruah,Bharatiya Janata Party,Lakhimpur (Assam)
Shri Gangasandra Siddappa Basavaraj,Bharatiya Janata Party,Tumkur (Karnataka)
Shri E. T. Mohammed Basheer,Indian Union Muslim League,Ponnani (Kerala)
Dr. Venkata Satyavathi Beesetti,Yuvajana Sramika Rythu Congress Party,Anakapalle (Andhra Pradesh)
Shri Chandra Sekhar Bellana,Yuvajana Sramika Rythu Congress Party,Vizianagaram (Andhra Pradesh)
Shri Hanuman Beniwal,Rashtriya Loktantrik Party,Nagaur (Rajasthan)
Shri Behanan Benny,Indian National Congress,Chalakudy (Kerala)
Shri Horen Sing Bey,Bharatiya Janata Party,Autonomous District (ST)(Assam)
Shri Jaswantsinh Sumanbhai Bhabhor,Bharatiya Janata Party,Dahod (ST)(Gujarat)
Shri Sudarshan Bhagat,Bharatiya Janata Party,Lohardaga (ST)(Jharkhand)
Shri Bhagirath Choudhary,Bharatiya Janata Party,Ajmer (Rajasthan)
Dr. Subhash Ramrao Bhamre,Bharatiya Janata Party,Dhule (Maharashtra)
Shri Ramakant Bhargava,Bharatiya Janata Party,Vidisha (Madhya Pradesh)
Shri Sanjay Bhatia,Bharatiya Janata Party,Karnal (Haryana)
Shri Ajay Bhatt,Bharatiya Janata Party,Nainital-Udhamsingh Nagar (Uttarakhand)
Smt. Ranjanben Dhananjay Bhatt,Bharatiya Janata Party,Vadodara (Gujarat)
Ms. Bhavana Gawali (Patil),Shiv Sena,Yavatmal-Washim (Maharashtra)
Shri Bholanath (B.P. Saroj),Bharatiya Janata Party,Machhlishahr (SC)(Uttar Pradesh)
Km. Pratima Bhoumik,Bharatiya Janata Party,Tripura West (Tripura)
Shri Ramesh Bidhuri,Bharatiya Janata Party,South Delhi (NCT of Delhi)
Dr. Ramesh Chand Bind,Bharatiya Janata Party,Bhadohi (Uttar Pradesh)
Shri Om Birla,Bharatiya Janata Party,Kota (Rajasthan)
Dr. Dhal Singh Bisen,Bharatiya Janata Party,Balaghat (Madhya Pradesh)
Smt. Pramila Bisoyi,Biju Janata Dal,Aska (Odisha)
Shri Raju Bista,Bharatiya Janata Party,Darjeeling (West Bengal)
Shri Ramcharan Bohra,Bharatiya Janata Party,Jaipur (Rajasthan)
Shri Pradyut Bordoloi,Indian National Congress,Nawgong (Assam)
Shri Venkatesh Netha Borlakunta,Telangana Rashtra Samithi,Peddapalle (SC)(Telangana)
Shri Rajkumar Chahar,Bharatiya Janata Party,Fatehpur Sikri (Uttar Pradesh)
Ms. Mimi Chakraborty,All India Trinamool Congress,Jadavpur (West Bengal)
Kunwar Pushpendra Singh Chandel,Bharatiya Janata Party,Hamirpur (Uttar Pradesh)
Shri Girish Chandra,Bahujan Samaj Party,Nagina (SC)(Uttar Pradesh)
Smt. Locket Chatterjee,Bharatiya Janata Party,Hooghly (West Bengal)
Shri P.P. Chaudhary,Bharatiya Janata Party,Pali (Rajasthan)
Shri Pankaj Chaudhary,Bharatiya Janata Party,Maharajganj (Uttar Pradesh)
Shri Pradeep Kumar Chaudhary,Bharatiya Janata Party,Kairana (Uttar Pradesh)
Shri Santokh Singh Chaudhary,Indian National Congress,Jalandhar (SC)(Punjab)
Km. Debasree Chaudhuri,Bharatiya Janata Party,Raiganj (West Bengal)
Shri Devusinh Jesingbhai Chauhan,Bharatiya Janata Party,Kheda (Gujarat)
Shri Nihal Chand Chauhan,Bharatiya Janata Party,Ganganagar (SC)(Rajasthan)
Shri Vinod Chavda,Bharatiya Janata Party,Kachchh (SC)(Gujarat)
Shri Thomas Chazhikadan,Kerala Congress (M),Kottayam (Kerala)
Dr. A. Chellakumar,Indian National Congress,Krishnagiri (Tamil Nadu)
Shri Karti P. Chidambaram,Indian National Congress,Sivaganga (Tamil Nadu)
Shri Prataprao Patil Chikhalikar,Bharatiya Janata Party,Nanded (Maharashtra)
Shri A.K.P. Chinraj,Dravida Munnetra Kazhagam,Namakkal (Tamil Nadu)
Smt. Chinta Anuradha,Yuvajana Sramika Rythu Congress Party,Amalapuram (SC)(Andhra Pradesh)
Shri Ashwini Kumar Choubey,Bharatiya Janata Party,Buxar (Bihar)
Shri Chandra Prakash Choudhary,AJSU Party,Giridih (Jharkhand)
Shri Kailash Choudhary,Bharatiya Janata Party,Barmer (Rajasthan)
Shri Abu Hasem Khan Choudhury,Indian National Congress,Maldaha Dakshin (West Bengal)
Shri Adhir Ranjan Chowdhury,Indian National Congress,Baharampur (West Bengal)
Shri Rajeshbhai Naranbhai Chudasama,Bharatiya Janata Party,Junagadh (Gujarat)
Shri Bharatsinhji Shankarji Dabhi,Bharatiya Janata Party,Patan (Gujarat)
Shri Guman Singh Damor,Bharatiya Janata Party,Ratlam (ST)(Madhya Pradesh)
Shri Raosaheb Dadarao Danve,Bharatiya Janata Party,Jalna (Maharashtra)
Shri Chhatar Singh Darbar,Bharatiya Janata Party,Dhar (ST)(Madhya Pradesh)
Shri Pallab Lochan Das,Bharatiya Janata Party,Tezpur (Assam)
Dr. (Smt.) Kakoli Ghosh Dastidar,All India Trinamool Congress,Barasat (West Bengal)
Shri Nitesh Ganga Deb,Bharatiya Janata Party,Sambalpur (Odisha)
Shri Sunny Deol,Bharatiya Janata Party,Gurdaspur (Punjab)
Smt. Rama Devi,Bharatiya Janata Party,Sheohar (Bihar)
Smt. Veena Devi,Lok Jan Shakti Party,Vaishali (Bihar)
Shri Rameshbhai Lavjibhai Dhaduk,Bharatiya Janata Party,Porbandar (Gujarat)
Shri Balubhau Narayanrao (Alias Suresh) Dhanorkar,Indian National Congress,Chandrapur (Maharashtra)
Shri Dharambir Singh,Bharatiya Janata Party,Bhiwani-Mahendragarh (Haryana)
Shri Arvind Dharmapuri,Bharatiya Janata Party,Nizamabad (Telangana)
Shri Sanjay Shamrao Dhotre,Bharatiya Janata Party,Akola (Maharashtra)
Shri Rajveer Diler,Bharatiya Janata Party,Hathras (SC)(Uttar Pradesh)
Shri Saikia Dilip,Bharatiya Janata Party,Mangaldoi (Assam)
Dr. DNV Senthilkumar S,Dravida Munnetra Kazhagam,Dharmapuri (Tamil Nadu)
Dr. Nishikant Dubey,Bharatiya Janata Party,Godda (Jharkhand)
Shri Vijay Kumar Dubey,Bharatiya Janata Party,Kushi Nagar (Uttar Pradesh)
Smt. Sunita Duggal,Bharatiya Janata Party,Sirsa (SC)(Haryana)
Shri Harish Dwivedi,Bharatiya Janata Party,Basti (Uttar Pradesh)
Shri Hibi Eden,Indian National Congress,Ernakulam (Kerala)
Shri Anil Firojiya,Bharatiya Janata Party,Ujjain (SC)(Madhya Pradesh)
Shri Parvatagouda Chandanagouda Gaddigoudar,Bharatiya Janata Party,Bagalkot (Karnataka)
Shri Nitin Jairam Gadkari,Bharatiya Janata Party,Nagpur (Maharashtra)
Shri Jayadev Galla,Telugu Desam Party,Guntur (Andhra Pradesh)
Shri Gautam Gambhir,Bharatiya Janata Party,East Delhi (NCT of Delhi)
Shri Feroze Varun Gandhi,Bharatiya Janata Party,Pilibhit (Uttar Pradesh)
Smt. Maneka Sanjay Gandhi,Bharatiya Janata Party,Sultanpur (Uttar Pradesh)
Shri Rahul Gandhi,Indian National Congress,Wayanad (Kerala)
Smt. Sonia Gandhi,Indian National Congress,Rae Bareli (Uttar Pradesh)
Shri A. Ganeshamurthi,Dravida Munnetra Kazhagam,Erode (Tamil Nadu)
Shri Kishan Reddy Gangapuram,Bharatiya Janata Party,Secunderabad (Telangana)
Shri Santosh Kumar Gangwar,Bharatiya Janata Party,Bareilly (Uttar Pradesh)
Shri Tapir Gao,Bharatiya Janata Party,Arunachal East (Arunachal Pradesh)
Shri Satish Kumar Gautam,Bharatiya Janata Party,Aligarh (Uttar Pradesh)
Dr. Heena Vijaykumar Gavit,Bharatiya Janata Party,Nandurbar (ST)(Maharashtra)
Shri Rajendra Dhedya Gavit,Shiv Sena,Palghar (ST)(Maharashtra)
Dr. Vijay Kumar Singh General (Retd.),Bharatiya Janata Party,Ghaziabad (Uttar Pradesh)
Shri Dilip Ghosh,Bharatiya Janata Party,Medinipur (West Bengal)
Shri Jasbir Singh Gill,Indian National Congress,Khadoor Sahib (Punjab)
Shri S. Gnanathiraviam,Dravida Munnetra Kazhagam,Tirunelveli (Tamil Nadu)
Shri Hemant Tukaram Godse,Shiv Sena,Nashik (Maharashtra)
Shri Gaurav Gogoi,Indian National Congress,Kaliabor (Assam)
Shri Topon Kumar Gogoi,Bharatiya Janata Party,Jorhat (Assam)
Shri Gopal Jee Thakur,Bharatiya Janata Party,Darbhanga (Bihar)
Shri Dulal Chandra Goswami,Janata Dal (United),Katihar (Bihar)
Shri Devaragunda Venkappa Sadananda Gowda,Bharatiya Janata Party,Bangalore North (Karnataka)
Shri Sangamlal Kadedin Gupta,Bharatiya Janata Party,Pratapgarh (Uttar Pradesh)
Shri Sudheer Gupta,Bharatiya Janata Party,Mandsour (Madhya Pradesh)
Shri Krishan Pal Gurjar,Bharatiya Janata Party,Faridabad (Haryana)
Shri Maddila Gurumoorthy,Yuvajana Sramika Rythu Congress Party,Tirupati (SC)(Andhra Pradesh)
Shri Hans Raj Hans,Bharatiya Janata Party,North West Delhi (SC)(NCT of Delhi)
Shri Vijay Kumar Hansdak,Jharkhand Mukti Morcha,Rajmahal (ST)(Jharkhand)
Ms. Ramya Haridas,Indian National Congress,Alathur (SC)(Kerala)
Dr. Harsh Vardhan,Bharatiya Janata Party,Chandni Chowk (NCT of Delhi)
Dr. S.T. Hasan,Samajwadi Party,Moradabad (Uttar Pradesh)
Shri Anantkumar Hegde,Bharatiya Janata Party,Uttara Kannada (Karnataka)
Smt. Hema Malini,Bharatiya Janata Party,Mathura (Uttar Pradesh)
Shri Kunar Hembram,Bharatiya Janata Party,Jhargram (ST)(West Bengal)
Smt. Smriti Zubin Irani,Bharatiya Janata Party,Amethi (Uttar Pradesh)
Shri Prataprao Jadhav,Shiv Sena,Buldhana (Maharashtra)
Shri Sanjay Haribhau Jadhav,Shiv Sena,Parbhani (Maharashtra)
Dr. Umesh G. Jadhav,Bharatiya Janata Party,Gulbarga (SC)(Karnataka)
Shri S. Jagathrakshakan,Dravida Munnetra Kazhagam,Arakkonam (Tamil Nadu)
Shri Jai Prakash,Bharatiya Janata Party,Hardoi (SC)(Uttar Pradesh)
Dr. Sanjay Jaiswal,Bharatiya Janata Party,Paschim Champaran (Bihar)
Smt. Darshana Vikram Jardosh,Bharatiya Janata Party,Surat (Gujarat)
Shri Choudhury Mohan Jatua,All India Trinamool Congress,Mathurapur (SC)(West Bengal)
Shri Sukhbir Singh Jaunapuria,Bharatiya Janata Party,Tonk-Sawai Madhopur (Rajasthan)
Dr. Mohammad Jawed,Indian National Congress,Kishanganj (Bihar)
Dr. K. Jayakumar,Indian National Congress,Tiruvallur (SC)(Tamil Nadu)
Shri Ramesh Chandappa Jigajinagi,Bharatiya Janata Party,Bijapur (SC)(Karnataka)
Shri Annasaheb Shankar Jolle,Bharatiya Janata Party,Chikkodi (Karnataka)
Prof. Rita Bahuguna Joshi,Bharatiya Janata Party,Allahabad (Uttar Pradesh)
Shri Chandra Prakash Joshi,Bharatiya Janata Party,Chittorgarh (Rajasthan)
Shri Pralhad Venkatesh Joshi,Bharatiya Janata Party,Dharwad (Karnataka)
Ms. S. Jothi Mani,Indian National Congress,Karur (Tamil Nadu)
Sadhvi Niranjan Jyoti,Bharatiya Janata Party,Fatehpur (Uttar Pradesh)
Shri Kani K. Navas,Indian Union Muslim League,Ramanathapuram (Tamil Nadu)
Shri Naranbhai Bhikhabhai Kachhadiya,Bharatiya Janata Party,Amreli (Gujarat)
Choudhary Mehboob Ali Kaiser,Lok Jan Shakti Party,Khagaria (Bihar)
Dr. Veeraswamy Kalanidhi,Dravida Munnetra Kazhagam,Chennai North (Tamil Nadu)
Shri Dileshwar Kamait,Janata Dal (United),Supaul (Bihar)
Shri Raghu Ramakrishna Raju Kanumuru,Yuvajana Sramika Rythu Congress Party,Narsapuram (Andhra Pradesh)
Shri Kishan Kapoor,Bharatiya Janata Party,Kangra (Himachal Pradesh)
Shri Sanganna Amarappa Karadi,Bharatiya Janata Party,Koppal (Karnataka)
Km. Shobha Karandlaje,Bharatiya Janata Party,Udupi Chikmagalur (Karnataka)
Smt. Kanimozhi Karunanidhi,Dravida Munnetra Kazhagam,Thoothukkudi (Tamil Nadu)
Shri Dharmendra Kumar Kashyap,Bharatiya Janata Party,Aonla (Uttar Pradesh)
Shri Suresh Kumar Kashyap,Bharatiya Janata Party,Shimla (SC)(Himachal Pradesh)
Shri Rahul Kaswan,Bharatiya Janata Party,Churu (Rajasthan)
Shri Kanakmal Katara,Bharatiya Janata Party,Banswara (ST)(Rajasthan)
Shri Rattan Lal Kataria,Bharatiya Janata Party,Ambala (SC)(Haryana)
Shri Nalin Kumar Kateel,Bharatiya Janata Party,Dakshina Kannada (Karnataka)
Prof. (Dr.) Ram Shankar Katheria,Bharatiya Janata Party,Etawah (SC)(Uttar Pradesh)
Shri Durai Murugan Kathir Anand,Dravida Munnetra Kazhagam,Vellore (Tamil Nadu)
Smt. Preneet Kaur,Indian National Congress,Patiala (Punjab)
Shri Ramesh Chander Kaushik,Bharatiya Janata Party,Sonipat (Haryana)
Shri Srinivas Kesineni,Telugu Desam Party,Vijayawada (Andhra Pradesh)
Smt. Raksha Nikhil Khadse,Bharatiya Janata Party,Raver (Maharashtra)
Shri Abdul Khaleque,Indian National Congress,Barpeta (Assam)
Shri Abu Taher Khan,All India Trinamool Congress,Murshidabad (West Bengal)
Shri Mohammad Azam Khan,Samajwadi Party,Rampur (Uttar Pradesh)
Smt. Kirron Kher,Bharatiya Janata Party,Chandigarh (Chandigarh)
Shri Bhagwanth Khuba,Bharatiya Janata Party,Bidar (Karnataka)
Shri Gajanan Chandrakant Kirtikar,Shiv Sena,Mumbai-North-West (Maharashtra)
Shri Kaushal Kishore,Bharatiya Janata Party,Mohanlalganj (SC)(Uttar Pradesh)
Shri Suresh Kodikunnil,Indian National Congress,Mavelikkara (SC)(Kerala)
Dr. Amol Ramsing Kolhe,Nationalist Congress Party,Shirur (Maharashtra)
Smt. Ranjeeta Koli,Bharatiya Janata Party,Bharatpur (SC)(Rajasthan)
Smt. Geeta Kora,Indian National Congress,Singhbhum (ST)(Jharkhand)
Shri Manoj Kishorbhai Kotak,Bharatiya Janata Party,Mumbai-North-East (Maharashtra)
Shri Faggan Singh Kulaste,Bharatiya Janata Party,Mandla (ST)(Madhya Pradesh)
Shri Dhanush M Kumar,Dravida Munnetra Kazhagam,Tenkasi (SC)(Tamil Nadu)
Shri Kaushalendra Kumar,Janata Dal (United),Nalanda (Bihar)
Shri Narendra Kumar,Bharatiya Janata Party,Jhunjhunu (Rajasthan)
Shri Santosh Kumar,Janata Dal (United),Purnia (Bihar)
Shri Sunil Kumar,Janata Dal (United),Valmiki Nagar (Bihar)
Shri Vijay Kumar,Janata Dal (United),Gaya (SC)(Bihar)
Dr. Virendra Kumar,Bharatiya Janata Party,Tikamgarh (SC)(Madhya Pradesh)
Km. Diya Kumari,Bharatiya Janata Party,Rajsamand (Rajasthan)
Shri Mohanbhai Kalyanji Kundariya,Bharatiya Janata Party,Rajkot (Gujarat)
Shri Danish Ali Kunwar,Bahujan Samaj Party,Amroha (Uttar Pradesh)
Adv. Dean Kuriakose,Indian National Congress,Idukki (Kerala)
Shri Ravindra Kushawaha,Bharatiya Janata Party,Salempur (Uttar Pradesh)
Shri Akshaibar Lal,Bharatiya Janata Party,Bahraich (SC)(Uttar Pradesh)
Shri Pakauri Lal,Apna Dal,Robertsganj (SC)(Uttar Pradesh)
Shri C. Lalrosanga,Mizo National Front,Mizoram (ST)(Mizoram)
Shri Shankar Lalwani,Bharatiya Janata Party,Indore (Madhya Pradesh)
Shri Sri Krishna Devarayalu Lavu,Yuvajana Sramika Rythu Congress Party,Narasaraopet (Andhra Pradesh)
Smt. Meenakashi Lekhi,Bharatiya Janata Party,New Delhi (NCT of Delhi)
Shri Sadashiv Kisan Lokhande,Shiv Sena,Shirdi (SC)(Maharashtra)
Shri Mohammad Akbar Lone,Jammu and Kashmir National Conference,Baramulla (Jammu and Kashmir)
Smt. Poonamben Hematbhai Maadam,Bharatiya Janata Party,Jamnagar (Gujarat)
Shri Kuruva Gorantla Madhav,Yuvajana Sramika Rythu Congress Party,Hindupur (Andhra Pradesh)
Smt. Goddeti Madhavi,Yuvajana Sramika Rythu Congress Party,Araku (ST)(Andhra Pradesh)
Smt. Poonam Pramod Mahajan,Bharatiya Janata Party,Mumbai-North-Central (Maharashtra)
Smt. Jyotsna Charandas Mahant,Indian National Congress,Korba (Chhattisgarh)
Dr. Jaisiddeshwar Shivacharya Mahaswamiji,Bharatiya Janata Party,Solapur (SC)(Maharashtra)
Shri Bidyut Baran Mahato,Bharatiya Janata Party,Jamshedpur (Jharkhand)
Shri Jyotirmay Singh Mahato,Bharatiya Janata Party,Purulia (West Bengal)
Shri Bhartruhari Mahtab,Biju Janata Dal,Cuttack (Odisha)
Shri Ramesh Chandra Majhi,Biju Janata Dal,Nabarangpur (ST)(Odisha)
Dr. Sukanta Majumdar,Bharatiya Janata Party,Balurghat (West Bengal)
Shri Asit Kumar Mal,All India Trinamool Congress,Bolpur (SC)(West Bengal)
Shri Kripanath Mallah,Bharatiya Janata Party,Karimganj (SC)(Assam)
Dr. Rajashree Mallick,Biju Janata Dal,Jagatsinghpur (SC)(Odisha)
Smt. Kavitha Maloth,Telangana Rashtra Samithi,Mahabubabad (ST)(Telangana)
Shri Ajay Kumar Mandal,Janata Dal (United),Bhagalpur (Bihar)
Smt. Manjulata Mandal,Biju Janata Dal,Bhadrak (SC)(Odisha)
Shri Ramprit Mandal,Janata Dal (United),Jhanjharpur (Bihar)
Shri Mohan Mandavi,Bharatiya Janata Party,Kanker (ST)(Chhattisgarh)
Prof. Sanjay Sadashivrao Mandlik,Shiv Sena,Kolhapur (Maharashtra)
Shri Dhairyasheel S. Mane,Shiv Sena,Hatkanangle (Maharashtra)
Shri Bhagwant Mann,Aam Aadmi Party,Sangrur (Punjab)
Shri Srinivas Reddy Manne,Telangana Rashtra Samithi,Mahabubnagar (Telangana)
Thiru Dayanidhi Maran,Dravida Munnetra Kazhagam,Chennai Central (Tamil Nadu)
Shri Bharat Ram Margani,Yuvajana Sramika Rythu Congress Party,Rajahmundry (Andhra Pradesh)
Shri Hasnain Masoodi,Jammu and Kashmir National Conference,Anantnag (Jammu and Kashmir)
Dr. Sanghamitra Maurya,Bharatiya Janata Party,Badaun (Uttar Pradesh)
Shri Arjunlal Meena,Bharatiya Janata Party,Udaipur (ST)(Rajasthan)
Smt. Jaskaur Meena,Bharatiya Janata Party,Dausa (ST)(Rajasthan)
Shri Arjun Ram Meghwal,Bharatiya Janata Party,Bikaner (SC)(Rajasthan)
Shri Sunil Baburao Mendhe,Bharatiya Janata Party,Bhandara-Gondiya (Maharashtra)
Shri Janardan Mishra,Bharatiya Janata Party,Rewa (Madhya Pradesh)
Shri Ajay (Teni) Misra,Bharatiya Janata Party,Kheri (Uttar Pradesh)
Shri Pinaki Misra,Biju Janata Dal,Puri (Odisha)
Shri Narendra Damodardas Modi,Bharatiya Janata Party,Varanasi (Uttar Pradesh)
Shri Faizal P.P. Mohammed,Nationalist Congress Party,Lakshadweep (ST)(Lakshadweep)
Shri P. C. Mohan,Bharatiya Janata Party,Bangalore Central (Karnataka)
Shri Anubhav Mohanty,Biju Janata Dal,Kendrapara (Odisha)
Smt. Mahua Moitra,All India Trinamool Congress,Krishnanagar (West Bengal)
Smt. Pratima Mondal,All India Trinamool Congress,Jaynagar (SC)(West Bengal)
Shri Sunil Kumar Mondal,All India Trinamool Congress,Bardhaman Purba (SC)(West Bengal)
Shri Arjun Munda,Bharatiya Janata Party,Khunti (ST)(Jharkhand)
Dr. Pritam Gopinath Rao Munde,Bharatiya Janata Party,Beed (Maharashtra)
Shri S. Muniswamy,Bharatiya Janata Party,Kolar (SC)(Karnataka)
Dr. Mahendrabhai Kalubhai Munjpara,Bharatiya Janata Party,Surendranagar (Gujarat)
Shri K. Muraleedharan,Indian National Congress,Vadakara (Kerala)
Ms. Chandrani Murmu,Biju Janata Dal,Keonjhar (ST)(Odisha)
Shri Khagen Murmu,Bharatiya Janata Party,Maldaha Uttar (West Bengal)
Shri Malook Nagar,Bahujan Samaj Party,Bijnor (Uttar Pradesh)
Shri Rodmal Nagar,Bharatiya Janata Party,Rajgarh (Madhya Pradesh)
Shri Raja Amareshwara Naik,Bharatiya Janata Party,Raichur (ST)(Karnataka)
Shri Shripad Yesso Naik,Bharatiya Janata Party,North Goa (Goa)
Shri Ranjeetsingh Naik Nimbalkar,Bharatiya Janata Party,Madha (Maharashtra)
Shri Reddeppa Nallakonda Gari,Yuvajana Sramika Rythu Congress Party,Chittoor (SC)(Andhra Pradesh)
Shri Jamyang Tsering Namgyal,Bharatiya Janata Party,Ladakh (Jammu and Kashmir)
Shri P.R. Natarajan,Communist Party of India (Marxist),Coimbatore (Tamil Nadu)
Shri Balak Nath,Bharatiya Janata Party,Alwar (Rajasthan)
Shri Nakul K. Nath,Indian National Congress,Chhindwara (Madhya Pradesh)
Shri Ashok Mahadeorao Nete,Bharatiya Janata Party,Gadchiroli-Chimur (ST)(Maharashtra)
Shri Ajay Nishad,Bharatiya Janata Party,Muzaffarpur (Bihar)
Shri Praveen Kumar Nishad,Bharatiya Janata Party,Sant Kabir Nagar (Uttar Pradesh)
Dr. Ramesh Pokhriyal Nishank,Bharatiya Janata Party,Hardwar (Uttarakhand)
Smt. Queen Oja,Bharatiya Janata Party,Gauhati (Assam)
Shri Jual Oram,Bharatiya Janata Party,Sundargarh (ST)(Odisha)
Shri Asaduddin Owaisi,All India Majlis-E-Ittehadul Muslimeen,Hyderabad (Telangana)
Dr. T. R. Paarivendhar,Dravida Munnetra Kazhagam,Perambalur (Tamil Nadu)
Shri Satyadev Pachauri,Bharatiya Janata Party,Kanpur (Uttar Pradesh)
Shri Jagdambika Pal,Bharatiya Janata Party,Domariyaganj (Uttar Pradesh)
Shri Vincent H. Pala,Indian National Congress,Shillong (ST)(Meghalaya)
Shri S.S. Palanimanickam,Dravida Munnetra Kazhagam,Thanjavur (Tamil Nadu)
Shri Basanta Kumar Panda,Bharatiya Janata Party,Kalahandi (Odisha)
Dr. Mahendra Nath Pandey,Bharatiya Janata Party,Chandauli (Uttar Pradesh)
Shri Ritesh Pandey,Bahujan Samaj Party,Ambedkar Nagar (Uttar Pradesh)
Shri Santosh Pandey,Bharatiya Janata Party,Rajnandgaon (Chhattisgarh)
Shri Pashupati Kumar Paras,Lok Jan Shakti Party,Hajipur (SC)(Bihar)
Shri Som Parkash,Bharatiya Janata Party,Hoshiarpur (SC)(Punjab)
Shri S.R. Parthiban,Dravida Munnetra Kazhagam,Salem (Tamil Nadu)
Shri Dayakar Pasunoori,Telangana Rashtra Samithi,Warangal (SC)(Telangana)
Shri Chhedi Paswan,Bharatiya Janata Party,Sasaram (SC)(Bihar)
Shri Chirag Paswan,Lok Jan Shakti Party,Jamui (SC)(Bihar)
Shri Kamlesh Paswan,Bharatiya Janata Party,Bansgaon (SC)(Uttar Pradesh)
Smt. Anupriya Patel,Apna Dal,Mirzapur (Uttar Pradesh)
Shri Devji Mansingram Patel,Bharatiya Janata Party,Jalore (Rajasthan)
Shri Gajendra Singh Patel,Bharatiya Janata Party,Khargone (ST)(Madhya Pradesh)
Shri Hasmukhbhai Somabhai Patel,Bharatiya Janata Party,Ahmedabad East (Gujarat)
Dr. K. C. Patel,Bharatiya Janata Party,Valsad (ST)(Gujarat)
Smt. Keshari Devi Patel,Bharatiya Janata Party,Phulpur (Uttar Pradesh)
Shri Lalubhai Babubhai Patel,Bharatiya Janata Party,Daman and Diu (Daman and Diu)
Shri Mitesh Rameshbhai Patel,Bharatiya Janata Party,Anand (Gujarat)
Shri Parbatbhai Savabhai Patel,Bharatiya Janata Party,Banaskantha (Gujarat)
Shri Prahlad Singh Patel,Bharatiya Janata Party,Damoh (Madhya Pradesh)
Shri R.K. Singh Patel,Bharatiya Janata Party,Banda (Uttar Pradesh)
Smt. Sharda Anilkumar Patel,Bharatiya Janata Party,Mahesana (Gujarat)
Smt. Riti Pathak,Bharatiya Janata Party,Sidhi (Madhya Pradesh)
Shri Subrat Pathak,Bharatiya Janata Party,Kannauj (Uttar Pradesh)
Shri Bheemrao Baswanthrao Patil,Telangana Rashtra Samithi,Zahirabad (Telangana)
Shri C. R. Patil,Bharatiya Janata Party,Navsari (Gujarat)
Shri Hemant Shriram Patil,Shiv Sena,Hingoli (Maharashtra)
Shri Kapil Moreshwar Patil,Bharatiya Janata Party,Bhiwandi (Maharashtra)
Shri Sanjay(Kaka) Ramchandra Patil,Bharatiya Janata Party,Sangli (Maharashtra)
Shri Shriniwas Dadasaheb Patil,Nationalist Congress Party,Satara (Maharashtra)
Shri Unmesh Bhaiyyasaheb Patil,Bharatiya Janata Party,Jalgaon (Maharashtra)
Dr. Bharati Pravin Pawar,Bharatiya Janata Party,Dindori (ST)(Maharashtra)
Dr. Lorho S. Pfoze,Naga Peoples Front,Outer Manipur (ST)(Manipur)
Smt. Aparupa Poddar,All India Trinamool Congress,Arambagh (SC)(West Bengal)
Dr. Gautham Sigamani Pon,Dravida Munnetra Kazhagam,Kallakurichi (Tamil Nadu)
Shri Ramulu Pothuganti,Telangana Rashtra Samithi,Nagarkurnool (SC)(Telangana)
Adv. Adoor Prakash,Indian National Congress,Attingal (Kerala)
Shri Nisith Pramanik,Bharatiya Janata Party,Coochbehar (SC)(West Bengal)
Shri Chandeshwar Prasad,Janata Dal (United),Jahanabad (Bihar)
Shri Ravi Shankar Prasad,Bharatiya Janata Party,Patna Sahib (Bihar)
Shri V. Sreenivasa Prasad,Bharatiya Janata Party,Chamrajanagar (SC)(Karnataka)
Shri Pratap Chandra Sarangi,Bharatiya Janata Party,Balasore (Odisha)
Shri T.N. Prathapan,Indian National Congress,Thrissur (Kerala)
Shri N.K. Premachandran,Revolutionary Socialist Party,Kollam (Kerala)
Shri Prince Raj,Lok Jan Shakti Party,Samastipur (SC)(Bihar)
Shri Suresh Kumar Pujari,Bharatiya Janata Party,Bargarh (Odisha)
Shri M. K. Raghavan,Indian National Congress,Kozhikode (Kerala)
Shri B. Y. Raghavendra,Bharatiya Janata Party,Shimoga (Karnataka)
Shri Khalilur Rahaman,All India Trinamool Congress,Jangipur (West Bengal)
Shri Nityanand Rai,Bharatiya Janata Party,Ujiarpur (Bihar)
Shri Omprakash Bhupalsingh alias Pavan Rajenimbalkar,Shiv Sena,Osmanabad (Maharashtra)
Dr. Ranjan Singh Rajkumar,Bharatiya Janata Party,Inner Manipur (Manipur)
Dr. Manoj Rajoria,Bharatiya Janata Party,Karauli-Dholpur (SC)(Rajasthan)
Shri Mukesh Rajput,Bharatiya Janata Party,Farrukhabad (Uttar Pradesh)
Shri Vishnu Dayal Ram,Bharatiya Janata Party,Palamu (SC)(Jharkhand)
Shri Kinjarapu Ram Mohan Naidu,Telugu Desam Party,Srikakulam (Andhra Pradesh)
Shri Sellaperumal Ramalingam,Dravida Munnetra Kazhagam,Mayiladuthurai (Tamil Nadu)
Shri T.R.V.S. Ramesh,Dravida Munnetra Kazhagam,Cuddalore (Tamil Nadu)
Smt Navneet Ravi Rana,Independent,Amravati (SC)(Maharashtra)
Shri Talari Rangaiah,Yuvajana Sramika Rythu Congress Party,Anantapur (Andhra Pradesh)
Shri Nama Nageswara Rao,Telangana Rashtra Samithi,Khammam (Telangana)
Shri Soyam Bapu Rao,Bharatiya Janata Party,Adilabad (ST)(Telangana)
Inderjit Singh Rao,Bharatiya Janata Party,Gurgaon (Haryana)
Shri Dipsinh Shankarsinh Rathod,Bharatiya Janata Party,Sabarkantha (Gujarat)
Shri Ratansinh Magansinh Rathod,Bharatiya Janata Party,Panchmahal (Gujarat)
Col. Rajyavardhan Singh Rathore,Bharatiya Janata Party,Jaipur Rural (Rajasthan)
Smt. Gitaben Vajesingbhai Rathva,Bharatiya Janata Party,Chhota Udaipur (ST)(Gujarat)
Shri Vinayak Bhaurao Raut,Shiv Sena,Ratnagiri-Sindhudurg (Maharashtra)
Dr. D. Ravikumar,Dravida Munnetra Kazhagam,Viluppuram (SC)(Tamil Nadu)
Shri P. Ravindhranath,All India Anna Dravida Munnetra Kazhagam,Theni (Tamil Nadu)
Shri Ashok Kumar Rawat,Bharatiya Janata Party,Misrikh (SC)(Uttar Pradesh)
Shri Tirath Singh Rawat,Bharatiya Janata Party,Garhwal (Uttarakhand)
Shri Upendra Singh Rawat,Bharatiya Janata Party,Barabanki (SC)(Uttar Pradesh)
Smt. Sandhya Ray,Bharatiya Janata Party,Bhind (SC)(Madhya Pradesh)
Prof. Sougata Ray,All India Trinamool Congress,Dum Dum (West Bengal)
Shri Adala Prabhakara Reddy,Yuvajana Sramika Rythu Congress Party,Nellore (Andhra Pradesh)
Shri Anumula Revanth Reddy,Indian National Congress,Malkajgiri (Telangana)
Dr. Gaddam Ranjith Reddy,Telangana Rashtra Samithi,Chevella (Telangana)
Shri Komati Reddy Venkat Reddy,Indian National Congress,Bhongir (Telangana)
Shri Kotha Prabhakar Reddy,Telangana Rashtra Samithi,Medak (Telangana)
Shri Magunta Sreenivasulu Reddy,Yuvajana Sramika Rythu Congress Party,Ongole (Andhra Pradesh)
Shri P.V. Midhun Reddy,Yuvajana Sramika Rythu Congress Party,Rajampet (Andhra Pradesh)
Shri Pocha Brahmananda Reddy,Yuvajana Sramika Rythu Congress Party,Nandyal (Andhra Pradesh)
Shri Uttam Kumar Nalamada Reddy,Indian National Congress,Nalgonda (Telangana)
Shri Y. S. Avinash Reddy,Yuvajana Sramika Rythu Congress Party,kadapa (Andhra Pradesh)
Shri Haji Fazlur Rehman,Bahujan Samaj Party,Saharanpur (Uttar Pradesh)
Shri Prajwal Revanna,Janata Dal (Secular),Hassan (Karnataka)
Shri Kiren Rijiju,Bharatiya Janata Party,Arunachal West (Arunachal Pradesh)
Dr. Jayanta Kumar Roy,Bharatiya Janata Party,Jalpaiguri (SC)(West Bengal)
Smt. Mala Roy,All India Trinamool Congress,Kolkata Dakshin (West Bengal)
Dr. Rajdeep Roy,Bharatiya Janata Party,Silchar (Assam)
Smt. Satabdi Roy (Banerjee),All India Trinamool Congress,Birbhum (West Bengal)
Shri Rajiv Pratap Rudy,Bharatiya Janata Party,Saran (Bihar)
MS. Nusrat Jahan Ruhi,All India Trinamool Congress,Basirhat (West Bengal)
Mohammad Sadique,Indian National Congress,Faridkot (SC)(Punjab)
Shri Arun Kumar Sagar,Bharatiya Janata Party,Shahjahanpur (SC)(Uttar Pradesh)
Shri Mahesh Sahoo,Biju Janata Dal,Dhenkanal (Odisha)
Shri Chandra Sekhar Sahu,Biju Janata Dal,Berhampur (Odisha)
Shri Chunni Lal Sahu,Bharatiya Janata Party,Mahasamund (Chhattisgarh)
Smt. Gomati Sai,Bharatiya Janata Party,Raigarh (ST)(Chhattisgarh)
Dr. M. P. Abdussamad Samadani,Indian Union Muslim League,Malappuram (Kerala)
Shri Achyutananda Samanta,Biju Janata Dal,Kandhamal (Odisha)
Smt. Agatha K. Sangma,National People's Party,Tura (ST)(Meghalaya)
Shri Arun Sao,Bharatiya Janata Party,Bilaspur (Chhattisgarh)
Smt. Aparajita Sarangi,Bharatiya Janata Party,Bhubaneswar (Odisha)
Shri Naba (Hira) Kumar Sarania,Independent,Kokrajhar (ST)(Assam)
Shri Sumedhanand Saraswati,Bharatiya Janata Party,Sikar (Rajasthan)
Shri Francisco Cosme Sardinha,Indian National Congress,South Goa (Goa)
Shri Jagannath Sarkar,Bharatiya Janata Party,Ranaghat (SC)(West Bengal)
Dr. Subhas Sarkar,Bharatiya Janata Party,Bankura (West Bengal)
Shri M V V Satyanarayana,Yuvajana Sramika Rythu Congress Party,Visakhapatnam (Andhra Pradesh)
Shri Khan Saumitra,Bharatiya Janata Party,Bishnupur (SC)(West Bengal)
Shri Arvind Ganpat Sawant,Shiv Sena,Mumbai-South (Maharashtra)
Shri Ganesan Selvam,Dravida Munnetra Kazhagam,Kancheepuram (SC)(Tamil Nadu)
Shri Muniyan Selvaraj,Communist Party of India,Nagapattinam (SC)(Tamil Nadu)
Dr. Jadon Chandra Sen,Bharatiya Janata Party,Firozabad (Uttar Pradesh)
Shri Sanjay Seth,Bharatiya Janata Party,Ranchi (Jharkhand)
Smt. Sarmistha Kumari Sethi,Biju Janata Dal,Jajpur (SC)(Odisha)
Shri Amit Anil Chandra Shah,Bharatiya Janata Party,Gandhinagar (Gujarat)
Smt. Mala Rajya Laxmi Shah,Bharatiya Janata Party,Tehri Garhwal (Uttarakhand)
Shri Anurag Sharma,Bharatiya Janata Party,Jhansi (Uttar Pradesh)
Dr. Arvind Kumar Sharma,Bharatiya Janata Party,Rohtak (Haryana)
Shri Jugal Kishore Sharma,Bharatiya Janata Party,Jammu (Jammu and Kashmir)
Shri Kuldeep Rai Sharma,Indian National Congress,Andaman and Nicobar Islands (Andaman and Nicobar Islands)
Dr. Mahesh Sharma,Bharatiya Janata Party,Gautam Buddha Nagar (Uttar Pradesh)
Shri Vishnu Datt Sharma,Bharatiya Janata Party,Khajuraho (Madhya Pradesh)
Shri Vivek Narayan Shejwalkar,Bharatiya Janata Party,Gwalior (Madhya Pradesh)
Shri Gajendra Singh Shekhawat,Bharatiya Janata Party,Jodhpur (Rajasthan)
Shri Gopal Chinayya Shetty,Bharatiya Janata Party,Mumbai-North (Maharashtra)
Shri Rahul Ramesh Shewale,Shiv Sena,Mumbai South-Central (Maharashtra)
Dr. Shrikant Eknath Shinde,Shiv Sena,Kalyan (Maharashtra)
Dr. Bharatiben Dhirubhai Shiyal,Bharatiya Janata Party,Bhavnagar (Gujarat)
Shri Sudhakar Tukaram Shrangare,Bharatiya Janata Party,Latur (SC)(Maharashtra)
Shri Ravi Kishan Shukla,Bharatiya Janata Party,Gorakhpur (Uttar Pradesh)
Shri Gowdar Mallikarjunappa Siddeshwara,Bharatiya Janata Party,Davanagere (Karnataka)
Shri Janardan Singh Sigriwal,Bharatiya Janata Party,Maharajganj (Bihar)
Shri Prathap Simha,Bharatiya Janata Party,Mysore (Karnataka)
Dr. Sanjeev Kumar Singari,Yuvajana Sramika Rythu Congress Party,Kurnool (Andhra Pradesh)
Dr. Amar Singh,Indian National Congress,Fatehgarh Sahib (SC)(Punjab)
Shri Arjun Singh,Bharatiya Janata Party,Barrackpur (West Bengal)
Shri Atul Kumar Singh,Bahujan Samaj Party,Ghosi (Uttar Pradesh)
Shri Bhola Singh,Bharatiya Janata Party,Bulandshahr (SC)(Uttar Pradesh)
Shri Brijbhushan Sharan Singh,Bharatiya Janata Party,Kaiserganj (Uttar Pradesh)
Shri Brijendra Singh,Bharatiya Janata Party,Hisar (Haryana)
Shri Chandan Singh,Lok Jan Shakti Party,Nawada (Bihar)
Shri Devendra (Alias) Bhole Singh Singh,Bharatiya Janata Party,Akbarpur (Uttar Pradesh)
Shri Dushyant Singh,Bharatiya Janata Party,Jhalawar-Baran (Rajasthan)
Shri Ganesh Singh,Bharatiya Janata Party,Satna (Madhya Pradesh)
Shri Giriraj Singh,Bharatiya Janata Party,Begusarai (Bihar)
Smt. Himadri Singh,Bharatiya Janata Party,Shahdol (ST)(Madhya Pradesh)
Dr. Jitendra Singh,Bharatiya Janata Party,Udhampur (Jammu and Kashmir)
Smt. Kavita Singh,Janata Dal (United),Siwan (Bihar)
Shri Kirti Vardhan Singh,Bharatiya Janata Party,Gonda (Uttar Pradesh)
Shri Lallu Singh,Bharatiya Janata Party,Faizabad (Uttar Pradesh)
Shri Mahabali Singh,Janata Dal (United),Karakat (Bihar)
Shri Nayab Singh,Bharatiya Janata Party,Kurukshetra (Haryana)
Shri Parvesh Sahib Singh,Bharatiya Janata Party,West Delhi (NCT of Delhi)
Shri Pashupati Nath Singh,Bharatiya Janata Party,Dhanbad (Jharkhand)
Shri Pradeep Kumar Singh,Bharatiya Janata Party,Araria (Bihar)
Shri Radha Mohan Singh,Bharatiya Janata Party,Purvi Champaran (Bihar)
Shri Raj Kumar Singh,Bharatiya Janata Party,Arrah (Bihar)
Shri Raj Nath Singh,Bharatiya Janata Party,Lucknow (Uttar Pradesh)
Shri Rajbahadur Singh,Bharatiya Janata Party,Sagar (Madhya Pradesh)
Shri Rajiv Ranjan (Lalan) Singh,Janata Dal (United),Munger (Bihar)
Shri Rajveer (Raju Bhaiya) Singh,Bharatiya Janata Party,Etah (Uttar Pradesh)
Shri Rakesh Singh,Bharatiya Janata Party,Jabalpur (Madhya Pradesh)
Shri Ravneet Singh,Indian National Congress,Ludhiana (Punjab)
Smt. Renuka Singh,Bharatiya Janata Party,Surguja (ST)(Chhattisgarh)
Dr. Satya Pal Singh,Bharatiya Janata Party,Baghpat (Uttar Pradesh)
Shri Sunil Kumar Singh,Bharatiya Janata Party,Chatra (Jharkhand)
Shri Sushil Kumar Singh,Bharatiya Janata Party,Aurangabad (Bihar)
Shri Uday Pratap Singh,Bharatiya Janata Party,Hoshangabad (Madhya Pradesh)
Shri Virendra Singh,Bharatiya Janata Party,Ballia (Uttar Pradesh)
Smt. Sangeeta Kumari Singh Deo,Bharatiya Janata Party,Bolangir (Odisha)
Shri Jayant Sinha,Bharatiya Janata Party,Hazaribagh (Jharkhand)
Dr. (Prof.) Kirit Premjibhai Solanki,Bharatiya Janata Party,Ahmedabad West (SC)(Gujarat)
Shri Mahendra Singh Solanky,Bharatiya Janata Party,Dewas (SC)(Madhya Pradesh)
Shri Sunil Kumar Soni,Bharatiya Janata Party,Raipur (Chhattisgarh)
Shri Vinod Kumar Sonkar,Bharatiya Janata Party,Kaushambi (SC)(Uttar Pradesh)
Shri Sunil Soren,Bharatiya Janata Party,Dumka (ST)(Jharkhand)
Shri Kotagiri Sridhar,Yuvajana Sramika Rythu Congress Party,Eluru (Andhra Pradesh)
Shri Indra Hang Subba,Sikkim Krantikari Morcha,Sikkim (Sikkim)
Shri K. Subbarayan,Communist Party of India,Tiruppur (Tamil Nadu)
Shri Kumbakudi Sudhakaran,Indian National Congress,Kannur (Kerala)
Smt. Supriya Sadanand Sule,Nationalist Congress Party,Baramati (Maharashtra)
Dr. Alok Kumar Suman,Janata Dal (United),Gopalganj (SC)(Bihar)
Shri K. Shanmuga Sundaram,Dravida Munnetra Kazhagam,Pollachi (Tamil Nadu)
Shri Sunil Kumar Pintu,Janata Dal (United),Sitamarhi (Bihar)
Shri Doddaalahalli Kempegowda Suresh,Indian National Congress,Bangalore Rural (Karnataka)
Shri Nandigam Suresh,Yuvajana Sramika Rythu Congress Party,Bapatla (SC)(Andhra Pradesh)
Shri L.S. Tejasvi Surya,Bharatiya Janata Party,Bangalore South (Karnataka)
Dr. Sakshi Ji Swami Maharaj,Bharatiya Janata Party,Unnao (Uttar Pradesh)
Shri Syed Imtiaz Jaleel,All India Majlis-E-Ittehadul Muslimeen,Aurangabad (Maharashtra)
Dr. T. Sumathy (A) Thamizhachi Thangapandian,Dravida Munnetra Kazhagam,Chennai South (Tamil Nadu)
Shri Ramdas Chandrabhanji Tadas,Bharatiya Janata Party,Wardha (Maharashtra)
Shri Manickam Tagore B.,Indian National Congress,Virudhunagar (Tamil Nadu)
Shri Ajay Tamta,Bharatiya Janata Party,Almora (SC)(Uttarakhand)
Shri Sunil Dattatray Tatkare,Nationalist Congress Party,Raigad (Maharashtra)
Shri Rameswar Teli,Bharatiya Janata Party,Dibrugarh (Assam)
Shri Manish Tewari,Indian National Congress,Anandpur Sahib (Punjab)
Shri Anurag Singh Thakur,Bharatiya Janata Party,Hamirpur (Himachal Pradesh)
Sadhvi Pragya Singh Thakur,Bharatiya Janata Party,Bhopal (Madhya Pradesh)
Shri Shantanu Thakur,Bharatiya Janata Party,Bangaon (SC)(West Bengal)
Dr. Shashi Tharoor,Indian National Congress,Thiruvananthapuram (Kerala)
Dr. Tholkappiyan Thirumaavalavan,Viduthalai Chiruthaigal Katchi,Chidambaram (SC)(Tamil Nadu)
Shri Su. Thirunavukkarasar,Indian National Congress,Tiruchirappalli (Tamil Nadu)
Shri Manoj Kumar Tiwari,Bharatiya Janata Party,North East Delhi (NCT of Delhi)
Shri Narendra Singh Tomar,Bharatiya Janata Party,Morena (Madhya Pradesh)
Dr. Ramapati Ram Tripathi,Bharatiya Janata Party,Deoria (Uttar Pradesh)
Shri Rebati Tripura,Bharatiya Janata Party,Tripura East (ST)(Tripura)
Shri Bishweswar Tudu,Bharatiya Janata Party,Mayurbhanj (ST)(Odisha)
Shri Krupal Balaji Tumane,Shiv Sena,Ramtek (SC)(Maharashtra)
Shri Shivkumar Chanabasappa Udasi,Bharatiya Janata Party,Haveri (Karnataka)
Shri Durga Das Uikey,Bharatiya Janata Party,Betul (ST)(Madhya Pradesh)
Shri Saptagiri Sankar Ulaka,Indian National Congress,Koraput (ST)(Odisha)
Shri Rajmohan Unnithan,Indian National Congress,Kasaragod (Kerala)
Shri V.K. Sreekandan,Indian National Congress,Palakkad (Kerala)
Shri Balashowry Vallabbhaneni,Yuvajana Sramika Rythu Congress Party,Machilipatnam (Andhra Pradesh)
Smt. Geetha Viswanath Vanga,Yuvajana Sramika Rythu Congress Party,Kakinada (Andhra Pradesh)
Shri Mansukhbhai Dhanjibhai Vasava,Bharatiya Janata Party,Bharuch (Gujarat)
Shri Prabhubhai Nagarbhai Vasava,Bharatiya Janata Party,Bardoli (ST)(Gujarat)
Shri Vaithilingam Ve.,Indian National Congress,Puducherry (Puducherry)
Shri P. Velusamy,Dravida Munnetra Kazhagam,Dindigul (Tamil Nadu)
Shri S. Venkatesan,Communist Party of India (Marxist),Madurai (Tamil Nadu)
Shri Bhanu Pratap Singh Verma,Bharatiya Janata Party,Jalaun (SC)(Uttar Pradesh)
Shri Rajesh Verma,Bharatiya Janata Party,Sitapur (Uttar Pradesh)
Smt. Rekha Arun Verma,Bharatiya Janata Party,Dhaurahra (Uttar Pradesh)
Shri Ram Shiromani Verma,Bahujan Samaj Party,Shrawasti (Uttar Pradesh)
Shri Rajan Baburao Vichare,Shiv Sena,Thane (Maharashtra)
Shri Vijayakumar (Alias) Vijay Vasanth,Indian National Congress,Kanniyakumari (Tamil Nadu)
Dr. Sujay Radhakrishna Vikhepatil,Bharatiya Janata Party,Ahmednagar (Maharashtra)
Dr. M.K. Vishnu Prasad,Indian National Congress,Arani (Tamil Nadu)
Shri Devendrappa Y,Bharatiya Janata Party,Bellary (ST)(Karnataka)
Shri Akhilesh Yadav,Samajwadi Party,Azamgarh (Uttar Pradesh)
Shri Ashok Kumar Yadav,Bharatiya Janata Party,Madhubani (Bihar)
Shri Dinesh Chandra Yadav,Janata Dal (United),Madhepura (Bihar)
Shri Giridhari Yadav,Janata Dal (United),Banka (Bihar)
Dr. Krishnapal Singh Yadav,Bharatiya Janata Party,Guna (Madhya Pradesh)
Shri Mulayam Singh Yadav,Samajwadi Party,Mainpuri (Uttar Pradesh)
Shri Ram Kripal Yadav,Bharatiya Janata Party,Pataliputra (Bihar)
Shri Shyam Singh Yadav,Bahujan Samaj Party,Jaunpur (Uttar Pradesh)
Shri Tokheho Yepthomi,Nationalist Democratic Progressive Party,Nagaland (Nagaland)
